employee_id,first_name,last_name,salary,department,years_of_experience,hire_date
1,Giraud,McGourty,121329.24,Sales,1,12/9/2021
2,Sly,De Blasi,112839.01,Sales,1,8/31/2009
3,Jarrid,Sidgwick,87588.99,Finance,19,1/5/2016
4,Quinton,Cleugher,118525.16,Sales,14,9/11/2018
5,Nico,Bonhan,69789.65,Marketing,22,10/21/2014
6,Phillida,Munning,139728.2,Sales,30,11/22/2000
7,Reiko,Tytherton,114850.74,Finance,21,7/21/2008
8,Serene,Trussman,130158.98,Finance,17,10/25/2018
9,Hulda,Morford,99936.43,Finance,12,10/27/2005
10,Leonanie,Waterworth,75635.93,Sales,1,3/13/2012
11,Roscoe,Lenard,134687.98,Marketing,26,2/24/2015
12,Mady,Adhams,112114.9,Finance,3,12/27/2020
13,Riley,Rainforth,69318.82,HR,10,5/20/2022
14,Timoteo,D' Angelo,37971.98,Finance,23,10/29/2020
15,Clement,Lillecrap,63142.48,Sales,1,7/9/2014
16,Pet,Safe,74045.49,Marketing,1,8/6/2002
17,Abbi,Fleming,56654.51,Finance,4,11/8/2003
18,Brigida,Ancell,116435.39,Finance,29,1/30/2003
19,Timothee,Spinetti,129016.51,Sales,24,3/6/2014
20,Dee,Pimblett,76615.93,HR,10,8/8/2021
21,Monte,Quadling,98914.69,IT,13,9/26/2012
22,Carmencita,Fulop,82319.02,IT,20,11/3/2009
23,Ryan,Erskine,32521.71,Sales,1,5/17/2011
24,Lemmy,Daft,88776.61,HR,19,3/29/2021
25,Yvon,Mimmack,54850.79,IT,25,11/4/2002
26,Johnna,Hanlon,40661.71,Marketing,2,7/3/2022
27,Maisie,Shambroke,74699.88,Marketing,20,7/8/2019
28,Holden,Ivanaev,33824.86,Marketing,1,5/6/2007
29,Isis,Fridd,32197.31,Finance,5,8/8/2006
30,Seward,Hourihan,57985.28,Finance,12,6/25/2018
31,Nicky,Sansum,122177.08,Marketing,24,7/15/2022
32,Zabrina,Hundey,49547.65,HR,19,9/3/2018
33,Vidovik,Hamelyn,56229.79,Sales,14,2/26/2016
34,Amye,Knevit,34552.2,HR,18,4/16/2008
35,Sigfried,Pippard,32981.28,HR,7,5/9/2011
36,Vivienne,Crowcombe,108254.68,IT,7,6/1/2003
37,Daryl,Domb,73696.1,Sales,7,10/27/2002
38,Sophia,Doel,69797.26,Finance,27,7/21/2010
39,Henriette,Irons,117326.19,Marketing,9,3/5/2015
40,Hyatt,Lithcow,109131.55,HR,10,12/27/2002
41,Lane,Erley,66501.02,IT,25,5/17/2001
42,Faber,Urquhart,45225.11,IT,7,5/11/2010
43,Jemie,Spensly,98562.1,Finance,24,10/15/2008
44,Durante,Von Welden,113042.97,IT,22,8/14/2009
45,Natalya,Finnan,44321.64,Sales,17,10/27/2022
46,De,Francescoccio,80832.29,HR,29,8/11/2020
47,Barnett,Marklund,76484.32,HR,6,11/13/2003
48,Julia,Sketchley,97704.28,Finance,15,9/4/2014
49,Deidre,Raoux,40546.12,IT,12,5/8/2000
50,Dougie,Kighly,86118.6,Finance,28,4/17/2003
51,Yevette,Beteriss,89203.12,Sales,7,12/18/2000
52,Phillis,Goneau,59518.52,Marketing,21,10/14/2013
53,Cosetta,Wollard,99866.51,Marketing,10,4/26/2014
54,Xymenes,Greenwell,71763.21,Finance,23,1/11/2001
55,Bertha,Salamon,40771.52,Sales,20,6/29/2014
56,Ronica,Airdrie,134377.16,Finance,7,10/1/2019
57,Niels,Pockey,80552.7,Finance,17,5/23/2001
58,Bobbette,Undrell,142972.11,Finance,10,12/18/2014
59,Kaleb,Goodred,66568.44,Sales,29,2/15/2006
60,Gasper,Nancarrow,133473.14,HR,26,9/3/2018
61,Hendrick,Budgett,137754.44,HR,14,7/22/2015
62,Yvonne,Tyreman,44541.07,IT,1,5/24/2020
63,Chiquia,Lazenbury,70603.12,Finance,27,2/3/2002
64,Henrietta,Charlton,141015.01,Finance,1,5/7/2004
65,Tani,Cardenosa,51097.35,IT,24,8/17/2009
66,Wade,Harverson,128564.77,IT,14,1/20/2022
67,Barret,Saddleton,57227.12,IT,8,10/17/2002
68,Pearle,Trotter,114806.69,HR,0,10/22/2007
69,Jordan,Mogford,97524.42,Finance,18,1/23/2022
70,Ignace,Klossmann,92393.4,Marketing,19,4/1/2019
71,Giffy,Foxley,102679.17,Finance,13,10/27/2014
72,Deonne,Dumbrill,53514.12,HR,5,2/5/2012
73,Skipton,Pavlovic,31210.5,IT,7,5/29/2002
74,Stefan,Kumaar,51097.99,Marketing,2,11/12/2016
75,Josey,Clayden,50732.28,Marketing,19,12/29/2015
76,Lothario,Calley,40925.43,Marketing,6,12/18/2018
77,Sophronia,Marsham,60061.95,IT,8,2/8/2018
78,Peggie,Marien,142637.56,HR,25,5/17/2010
79,Guthrey,Geydon,91388.86,HR,28,4/5/2017
80,Hayward,Tickner,111945.66,Finance,6,12/22/2006
81,Darwin,Jacques,113846.0,HR,26,4/12/2003
82,Gusty,Cully,70936.96,Sales,4,1/26/2017
83,Zebedee,Redihough,91203.17,Sales,14,5/29/2022
84,Barnabas,Clackson,30523.69,Marketing,9,5/16/2007
85,Norina,Gorse,73962.32,Finance,27,11/23/2009
86,Arty,Deverill,72392.26,Sales,0,8/5/2018
87,Kathy,Powis,58751.6,Sales,24,5/25/2016
88,Alayne,Cranmer,103083.82,Sales,16,9/20/2006
89,Magnum,Feldklein,119939.67,HR,5,12/30/2021
90,Ami,Manoelli,83164.85,HR,22,7/22/2013
91,Cleopatra,Brewood,40343.02,Marketing,8,3/10/2010
92,Eden,Gansbuhler,98177.22,Finance,6,6/20/2012
93,Haywood,Wistance,110359.94,Sales,16,1/1/2017
94,Jasmin,Redhouse,53120.68,Sales,26,12/15/2008
95,Vladamir,Morston,87471.82,Sales,27,12/14/2002
96,Laurianne,Thewless,65925.1,Finance,22,4/29/2012
97,Candra,Bearns,106094.63,Marketing,22,12/20/2017
98,Guss,Benedite,30454.33,Finance,22,10/21/2018
99,Micheline,Gallichan,134956.72,Marketing,5,10/30/2008
100,Kenon,Toleman,45691.13,HR,7,4/4/2022
101,Brigida,Forge,122650.1,Marketing,29,12/20/2003
102,Anthiathia,Vernau,123512.81,Marketing,6,12/13/2013
103,Eddie,Blanden,73969.42,HR,26,2/11/2017
104,Kennie,Duffy,57416.08,HR,7,1/8/2008
105,Averell,Ewert,91631.2,Sales,13,4/7/2007
106,Suzanna,Hirth,49440.5,Marketing,13,1/28/2012
107,Laney,Kuhnt,83804.57,Finance,5,10/10/2006
108,Emiline,Wadham,77966.86,IT,8,8/22/2002
109,Archy,Phillipson,70848.22,Marketing,24,5/6/2001
110,Melissa,Tackes,131255.2,Marketing,1,7/17/2019
111,Jefferson,Manlow,39748.72,HR,10,8/14/2011
112,Ellswerth,Grigoryev,145403.74,Finance,4,8/15/2001
113,Jerrilee,Swynley,90148.93,Marketing,13,7/13/2000
114,Dex,Brunon,104887.09,HR,1,8/24/2004
115,Kenna,Tomsa,80458.72,Marketing,23,4/9/2004
116,Maribel,Laffranconi,78651.77,Finance,4,4/20/2014
117,Darryl,Lindberg,49243.4,Finance,29,11/9/2006
118,Ximenes,Dorber,50996.15,Finance,9,8/2/2020
119,Merry,Durrell,48851.39,Sales,23,9/2/2000
120,Shawn,Gollin,45818.57,Marketing,25,11/1/2002
121,Brennen,McIlraith,105701.5,Finance,4,1/29/2016
122,Selma,Janatka,52330.82,Marketing,18,6/29/2011
123,Haydon,Irvin,138727.15,Finance,17,12/24/2012
124,Celestine,Kingswood,67259.79,Sales,29,4/14/2015
125,Akim,Moule,54969.73,HR,11,1/2/2020
126,Ely,Vezey,71038.18,Marketing,27,2/17/2001
127,Ellsworth,Carlson,102208.04,Finance,19,10/31/2008
128,Fannie,Sprigging,145795.15,Marketing,29,3/12/2006
129,Selinda,De Matteis,102491.9,IT,27,10/22/2006
130,Leigh,Abbess,142071.31,Marketing,12,8/15/2015
131,Merridie,Prosch,87810.75,Sales,29,8/26/2022
132,Scot,Heugh,108116.95,Sales,12,9/2/2020
133,Daffy,Schonfeld,40598.79,Finance,24,6/25/2010
134,Cesare,Bysshe,52023.01,IT,0,6/24/2006
135,Gail,Akid,67662.36,Sales,20,12/31/2003
136,Cherilynn,Dyka,102172.91,HR,13,1/2/2020
137,Brianna,Illing,111703.82,Marketing,23,10/16/2012
138,Olympie,Sydenham,36105.15,Finance,3,5/15/2020
139,Judith,Ebben,118991.62,HR,1,9/12/2008
140,Edgard,Plumbridge,56320.36,HR,14,3/17/2001
141,Klara,Lorente,91671.66,Sales,27,12/13/2006
142,Lisabeth,Singyard,144809.46,HR,22,1/21/2018
143,Elvera,Ibberson,69002.33,Marketing,12,5/7/2004
144,Siusan,Rubenchik,76480.72,Marketing,23,11/23/2005
145,Ashley,Neubigging,131301.39,Marketing,5,1/18/2015
146,Theodor,De Gregorio,65295.26,Sales,18,9/24/2000
147,Ignacio,Henzer,127800.9,Sales,30,12/16/2003
148,Alexandr,Sodor,63903.81,HR,29,11/19/2007
149,Jeannette,Ferencowicz,30598.4,Marketing,28,3/24/2017
150,Bobette,Fairman,144723.2,Finance,11,1/3/2012
151,Brendon,Syvret,42960.86,IT,12,11/27/2021
152,Conn,Aickin,124655.9,Sales,3,5/15/2004
153,Clemmie,Wadesworth,34076.69,HR,14,8/5/2013
154,Bale,Colleck,53967.48,HR,1,6/9/2005
155,Johnathon,Dundridge,118696.5,Finance,25,6/25/2008
156,Edvard,Corrington,90257.25,Marketing,20,8/13/2006
157,Tommy,Crumley,73040.86,IT,4,9/22/2000
158,Esteban,Christon,34327.68,Marketing,14,3/10/2017
159,Arlan,Craigie,131565.14,IT,20,1/28/2011
160,Karine,Hew,129302.96,IT,24,4/14/2002
161,Bernice,Beausang,66283.87,Sales,3,10/23/2011
162,Arly,Janning,58584.75,HR,16,8/9/2000
163,Bernadina,Waistell,137548.98,IT,8,7/12/2001
164,Alanson,Hacket,144205.99,Sales,28,8/10/2022
165,Nicole,Wilcockes,58602.0,Sales,5,12/1/2020
166,Teresina,Izakoff,52626.52,Finance,3,1/25/2002
167,Susann,Longfoot,136232.36,Sales,12,8/22/2007
168,Carree,Albarez,109165.18,Finance,25,1/7/2008
169,Elenore,Sotheby,43427.88,Marketing,7,9/30/2012
170,Ludovico,Grunwall,109443.83,Finance,17,11/4/2007
171,Jarib,Kinghorn,99199.59,Sales,27,9/21/2022
172,Alfi,Olyonov,115573.6,Finance,13,3/4/2022
173,Cathie,Stuchbury,143625.83,IT,6,11/24/2017
174,Fedora,Fremantle,31789.55,Marketing,1,11/15/2008
175,Iolande,Rodgman,110411.33,Finance,22,5/4/2009
176,Kipp,Zecchini,89399.13,HR,24,9/17/2020
177,Melva,Lucus,81848.61,Sales,23,4/7/2003
178,Bambie,Foucard,31794.24,IT,10,6/21/2022
179,Cindelyn,Smewing,31685.8,Finance,14,1/11/2012
180,Ransell,Wynne,97469.38,IT,24,1/7/2014
181,Dill,Lippo,144762.45,HR,14,6/19/2020
182,Philippine,Hedger,133144.38,Sales,28,4/26/2007
183,Powell,Sinkings,144945.45,Sales,11,9/5/2007
184,Bent,Yashin,120401.64,Marketing,4,3/22/2014
185,Nicolis,Gimbrett,56469.9,Marketing,29,6/25/2013
186,Nara,Docket,57961.17,Marketing,20,8/30/2021
187,Myrtia,Bellwood,127512.31,Finance,19,3/31/2020
188,Matilde,Mitchard,53867.66,Marketing,7,2/2/2002
189,Adham,Krzyzanowski,112676.87,Sales,16,6/18/2007
190,Marita,Goldstein,111850.12,Marketing,22,4/30/2006
191,Axel,Steptow,44509.8,Finance,29,2/5/2014
192,Hamil,Maden,63678.83,Finance,11,2/21/2018
193,Ralina,Shirlaw,45482.7,Marketing,2,8/29/2002
194,Cullan,Kennally,53137.74,IT,23,5/30/2003
195,Kynthia,Ickovicz,130244.24,Sales,22,4/29/2002
196,Magdalene,Cogdon,78296.7,HR,24,11/12/2016
197,Ann-marie,Braden,72190.75,Sales,9,5/16/2004
198,Harwilll,Duester,121333.89,Finance,13,11/9/2013
199,Shurwood,Leile,78060.47,HR,8,4/16/2018
200,Revkah,Ruttgers,131920.24,Marketing,3,8/5/2010
201,Pammi,Savil,58254.87,Finance,17,12/16/2000
202,Hyacinth,Jahns,38443.04,Marketing,15,6/1/2013
203,Dottie,Abrams,37450.83,Sales,28,11/3/2005
204,Hollyanne,Dingivan,80596.73,IT,29,12/28/2022
205,Oliver,Dethloff,139282.96,Marketing,13,4/9/2013
206,Nickolai,Everson,104853.65,HR,18,11/11/2004
207,Meredith,Torrecilla,45179.27,Marketing,1,2/7/2007
208,Glennie,Kiddell,102491.62,HR,23,8/10/2011
209,Ariel,Noah,143202.04,Finance,8,6/9/2020
210,Jamal,De Carlo,78571.92,HR,8,2/29/2016
211,Patrizio,Dermot,45786.52,Marketing,28,3/3/2014
212,George,Mauvin,108184.37,HR,27,11/18/2015
213,Kaleb,Camamile,146291.03,Sales,8,7/31/2004
214,Billy,Jiroudek,47553.64,Marketing,17,7/23/2006
215,Ula,Silkston,32835.73,Marketing,6,10/3/2014
216,Britteny,Dysart,105627.51,IT,15,4/20/2003
217,Nil,Carleman,138043.41,IT,5,7/26/2021
218,Krystalle,Slane,96117.12,Finance,4,9/27/2022
219,Jules,Prisk,140398.51,Sales,15,8/16/2017
220,Barri,Jiggle,103852.61,Sales,1,9/5/2013
221,Les,Sarfatti,77842.65,Marketing,27,12/24/2001
222,Kristan,Gandley,106780.71,Sales,17,6/2/2003
223,Tybalt,Balsdone,127003.58,Finance,14,8/5/2016
224,Ethe,Seacroft,62787.47,Finance,7,5/12/2018
225,Lauree,Fielders,128467.36,Sales,27,3/30/2011
226,Nada,Chapleo,63507.46,Marketing,7,1/23/2018
227,Norby,Schonfelder,40590.83,IT,17,12/10/2007
228,Hendrika,Giveen,53644.96,Finance,25,9/4/2016
229,Wright,Provis,41657.14,IT,19,12/16/2011
230,Laughton,Jelley,48269.5,IT,16,5/29/2017
231,Dorthy,Risson,70538.39,Finance,7,3/22/2004
232,Shelden,Dunham,68670.56,Sales,10,10/6/2022
233,Josepha,Trowl,130421.0,IT,15,2/18/2004
234,Herschel,Sedger,74481.63,Marketing,13,7/10/2005
235,Bianca,Correa,125142.44,IT,25,1/16/2018
236,Frasier,Meininger,60695.18,Sales,24,5/14/2011
237,Nicol,Rumbelow,111861.58,Marketing,15,9/12/2007
238,Leroi,Hise,39840.8,Marketing,14,9/19/2016
239,Robyn,Spearman,124991.67,IT,2,2/7/2017
240,Marney,Galer,131683.48,HR,4,7/21/2007
241,Ches,Bleiman,51779.23,IT,30,5/15/2015
242,Dag,Berthel,111167.17,IT,9,12/8/2016
243,Kati,Donohue,91242.02,HR,21,11/3/2001
244,Flossi,Kibbye,57968.91,Marketing,29,9/30/2017
245,Samson,Phillippo,73313.57,Finance,12,5/24/2005
246,Juliette,Pactat,59635.99,IT,26,12/27/2019
247,Nell,Storrs,93553.75,Marketing,12,2/3/2012
248,Maggy,Aseef,54713.85,Finance,22,6/26/2004
249,Reggie,McNeillie,148030.22,Sales,15,2/23/2001
250,Shelley,Youde,115604.29,HR,14,10/2/2015
251,Tabbitha,Spadoni,89250.72,Sales,25,10/11/2000
252,Gustie,Jaxon,128549.25,IT,22,4/17/2017
253,Chane,Cowderoy,72574.36,HR,10,5/15/2021
254,Maggy,Constanza,129429.96,Finance,21,2/5/2017
255,Jonell,Terrelly,92213.57,IT,2,6/17/2016
256,Mill,Ravenscroftt,78224.82,HR,24,12/26/2002
257,Tris,Ezzle,138062.08,Sales,1,4/18/2019
258,Corrina,Wince,76466.24,Sales,2,7/2/2011
259,Antonius,Briatt,90780.76,Sales,14,10/9/2003
260,Gail,Croxall,127376.37,Marketing,4,12/25/2008
261,Ardra,Cast,53890.41,Marketing,22,8/22/2004
262,Giff,Marian,131460.45,Sales,29,11/19/2016
263,Irena,Stable,51521.15,HR,29,5/22/2019
264,Rosemonde,Josovich,124338.09,IT,15,4/14/2016
265,Malvin,Lorand,74720.75,Finance,26,8/22/2007
266,Stephine,Ochterlony,81702.39,HR,23,3/5/2010
267,Gawen,Loan,107634.37,Finance,16,6/20/2016
268,Ringo,Fareweather,101090.47,HR,4,10/20/2009
269,Pru,Copnar,110413.26,HR,15,7/19/2015
270,Belinda,Powlett,41327.4,Marketing,2,5/1/2021
271,Ogdon,Hubbert,33263.25,Marketing,17,7/26/2020
272,Waldo,Safont,131145.74,IT,28,11/8/2000
273,Samuele,Gelardi,126405.24,Marketing,13,3/22/2014
274,Eleni,Shillam,127241.12,HR,5,8/2/2004
275,Emmy,O'Henecan,54333.34,Marketing,2,6/4/2016
276,Danya,Caukill,37825.47,IT,4,7/12/2001
277,Sophi,Corderoy,91336.9,IT,11,10/6/2015
278,Nap,Jersh,105845.59,Sales,22,11/20/2003
279,Jannelle,Le Marchand,107954.11,Sales,30,2/13/2022
280,Carry,Skeath,63142.5,HR,19,7/14/2015
281,Almire,McEntee,70054.47,IT,10,11/12/2002
282,Evita,Yearne,143667.02,HR,17,6/3/2021
283,Sarge,McGarvey,70781.79,Finance,15,4/26/2007
284,Kristo,Bertot,57981.72,HR,7,7/28/2022
285,Eziechiele,Abramowsky,45549.96,Marketing,26,4/15/2009
286,Davis,Hartless,93379.86,Sales,6,12/13/2011
287,Stephie,Gusticke,137662.61,IT,26,3/22/2022
288,Giana,Souter,112341.67,IT,23,7/9/2008
289,Durante,Servis,46462.01,IT,17,12/24/2000
290,Margaretta,Hutchins,69311.37,Marketing,29,9/21/2014
291,Darrel,Bonaire,126241.94,HR,1,9/17/2001
292,Kalvin,Gately,95299.95,Marketing,23,2/1/2013
293,Kalina,De Leek,122341.43,IT,11,3/26/2015
294,Malorie,Highnam,70654.14,Marketing,4,11/16/2010
295,Ebony,Marshman,58586.08,Marketing,17,9/7/2002
296,Gill,Muldownie,82721.77,Marketing,2,2/13/2004
297,Marcellina,Baggallay,144551.91,Finance,15,3/31/2016
298,Pietrek,Yashanov,88689.34,Sales,2,12/1/2011
299,Gusta,Maruszewski,146867.76,HR,12,8/23/2016
300,Haslett,O'Toole,113855.34,Sales,19,8/2/2013
301,Toby,Iacovolo,52056.24,Sales,9,1/22/2013
302,Leo,Cannicott,90288.28,Finance,2,12/22/2010
303,Sissy,Diggles,76097.12,IT,25,10/21/2002
304,Jennette,Rockell,32224.67,HR,27,10/23/2008
305,Betti,Broggetti,88963.39,Sales,17,5/3/2022
306,Ron,Welldrake,106529.73,Marketing,22,12/28/2006
307,Cristabel,Donnelly,109011.32,Sales,0,9/2/2019
308,Sandye,Queste,59786.79,Marketing,4,8/9/2018
309,Elston,McGowran,53726.23,HR,16,3/21/2005
310,Roderigo,Davidsen,118462.85,Sales,10,3/16/2020
311,Bourke,Ruben,49563.08,Finance,22,3/2/2017
312,Lisa,Valler,125681.93,Finance,15,10/15/2001
313,Petronia,Scogin,105939.15,Finance,1,6/27/2001
314,Suzanne,Jeannon,54324.86,HR,28,12/10/2011
315,Aubert,Rivitt,62538.29,HR,15,5/4/2015
316,Archer,Rembaud,103890.68,Marketing,22,6/16/2020
317,Gerty,Clace,121626.81,Sales,13,10/12/2013
318,Romola,Minogue,60379.22,HR,18,5/20/2001
319,Zacharia,Roubert,110271.87,Finance,13,8/30/2013
320,Orly,Claringbold,74391.26,Marketing,1,8/31/2019
321,Cate,Brazenor,130300.92,Sales,29,6/13/2012
322,Kath,Scarth,59623.65,IT,25,6/23/2003
323,Saudra,Newvill,141840.04,Marketing,16,3/18/2015
324,Francesca,Bicksteth,148705.38,Finance,16,11/2/2002
325,Davine,FitzAlan,119012.62,HR,6,11/26/2010
326,Stephannie,Sneath,136899.53,IT,13,5/25/2000
327,Cleveland,Ralls,71369.27,Marketing,25,9/15/2021
328,Constanta,Arlt,147996.88,IT,20,12/22/2011
329,Almeria,Chiechio,99923.88,Marketing,18,11/11/2005
330,Jackqueline,Lobley,126854.82,HR,23,2/5/2002
331,Sanderson,Taggerty,49424.78,HR,13,3/11/2019
332,Burt,Carress,144083.78,Marketing,6,11/29/2015
333,Gretta,Towns,84278.6,Finance,10,9/24/2010
334,Emiline,Sarra,144973.22,Sales,13,3/29/2009
335,Sheena,Glasspool,110908.94,Marketing,24,9/23/2008
336,Kellina,Rannie,42144.29,IT,7,10/30/2014
337,Loren,Care,48680.32,Finance,4,9/11/2005
338,Gilberta,Marzellano,65869.2,Sales,9,12/27/2008
339,Frankie,Jedrasik,121549.15,Finance,20,7/6/2013
340,Rachelle,Biever,80440.32,Finance,21,6/1/2012
341,Ainslie,Linsay,34885.73,IT,22,9/17/2004
342,Justin,Mapston,91564.07,IT,5,7/31/2010
343,Chery,Stenbridge,33786.28,Marketing,9,1/16/2008
344,Deanne,Nail,119851.1,Marketing,5,9/4/2015
345,Shayna,McLellan,144559.67,HR,10,6/4/2018
346,Trumaine,Keetch,96398.27,Sales,30,6/27/2008
347,Felicio,O'Sesnane,113769.44,Finance,27,2/10/2005
348,Alyse,Huygen,88393.61,Finance,10,12/29/2012
349,Aaron,Burrel,138389.63,HR,15,3/1/2012
350,Portia,Gaynesford,91813.29,Finance,16,7/9/2002
351,Georgi,Mouget,60573.76,Sales,2,2/7/2004
352,Lee,Jeaffreson,98998.32,Finance,12,3/18/2014
353,Pippa,Peaurt,30145.7,Sales,12,7/26/2006
354,Thorvald,Madrell,56693.11,Marketing,15,10/7/2021
355,Carroll,Heggison,97527.77,HR,7,4/21/2022
356,Arther,Iron,70787.21,HR,30,4/13/2010
357,Kellsie,Paaso,138351.21,Finance,10,5/14/2014
358,Hugibert,Jaslem,35898.89,Marketing,15,6/7/2018
359,Edna,De Rye Barrett,127959.9,Finance,6,2/22/2009
360,Pauletta,Rayne,132798.4,Finance,18,8/31/2011
361,Emmy,Walesby,39778.11,Sales,7,5/14/2005
362,Gallagher,Haswell,38785.72,IT,14,11/4/2004
363,Johnathan,Batrim,121321.1,IT,9,8/15/2010
364,Tabbitha,Jardein,132851.9,Finance,30,5/13/2020
365,Abbey,Treasure,145699.13,HR,9,2/9/2013
366,Reiko,Evitts,62181.45,Sales,19,8/5/2000
367,Blair,Bidwell,76053.51,Finance,13,6/23/2016
368,Ellwood,Toupe,59177.56,HR,25,8/31/2017
369,Hewett,Batchelour,83734.21,Marketing,14,3/14/2003
370,Thornton,Oag,96544.08,HR,30,6/12/2020
371,Sianna,Houliston,139976.71,Finance,16,3/14/2010
372,Tory,Ranvoise,44516.03,Finance,2,7/29/2010
373,Danie,Tomaszynski,48122.45,IT,15,1/27/2004
374,Niki,Darby,117232.65,Sales,15,4/15/2015
375,Karim,Lilywhite,47479.69,IT,24,8/15/2020
376,Lucio,Daniello,61023.57,Marketing,30,5/25/2018
377,Ronda,Nother,34981.85,Sales,4,7/29/2003
378,Juan,Collick,133178.06,HR,4,12/14/2002
379,Deanna,Secret,100649.11,Finance,23,2/21/2001
380,Cary,Valenta,43584.83,IT,28,9/7/2018
381,Ken,Farnin,139799.89,Finance,27,4/7/2009
382,Chicky,Hiscoe,48884.14,IT,27,4/4/2018
383,Christoforo,Feldhammer,106253.91,Marketing,4,12/25/2011
384,Malinde,Hylden,107831.9,Sales,13,6/25/2000
385,Nyssa,Smurfitt,52769.98,Finance,24,7/16/2005
386,Chiquita,Vaneschi,80225.61,Sales,27,2/25/2010
387,Ursuline,Hebson,37494.93,Marketing,13,10/25/2017
388,Lawry,Folan,80362.15,IT,16,1/19/2022
389,Kaiser,Brantzen,145773.91,HR,0,5/16/2006
390,Morissa,Poytress,81515.21,HR,16,12/29/2011
391,Antoine,Cuseick,78647.83,Sales,11,5/29/2016
392,Kenneth,Lansly,134354.59,HR,29,10/29/2017
393,Elysee,Tomas,133476.11,HR,16,6/2/2016
394,Marlene,Peploe,107637.75,Marketing,0,3/13/2002
395,Isacco,McQuarrie,116072.67,IT,0,10/16/2017
396,Lurette,Waddington,125757.67,Finance,14,11/29/2001
397,Ardeen,Kingerby,86045.11,IT,23,5/1/2018
398,Conni,Vala,52543.02,Finance,11,3/15/2001
399,Constantine,Scriven,31859.39,IT,26,11/9/2005
400,Nevins,Syncke,77983.7,Marketing,16,11/26/2012
401,Ford,Husbands,111487.83,IT,14,8/13/2018
402,Toddy,Andresen,75455.96,Sales,28,3/13/2012
403,Kettie,Maskill,106025.6,IT,21,5/22/2021
404,Renard,Gniewosz,67413.01,IT,18,1/24/2003
405,Clary,Vanderson,135334.96,Sales,7,11/8/2004
406,Almeta,Leyman,124749.9,Sales,29,12/2/2000
407,Wayne,Mouton,98210.6,Sales,8,11/7/2011
408,Hamish,Pude,107013.08,HR,6,2/14/2013
409,Rachelle,Devenny,59784.18,Sales,15,11/29/2001
410,Annetta,Tulleth,148664.24,Marketing,9,11/20/2009
411,Valida,MacGeaney,97160.13,IT,22,6/25/2004
412,Buckie,Liddle,140223.37,Marketing,15,12/8/2002
413,Matty,Fright,44286.92,HR,11,1/16/2021
414,Margaretha,Easterby,133452.38,HR,3,1/12/2022
415,Job,Kubis,88150.13,IT,9,12/7/2016
416,Flinn,Pendrey,74794.07,Finance,18,11/30/2017
417,Norris,Thraves,112088.22,HR,28,11/13/2016
418,Golda,Lummasana,133930.42,Finance,28,5/15/2011
419,Elliott,Falkus,108639.83,Sales,15,9/6/2011
420,Wilt,Bligh,72358.72,IT,10,11/4/2007
421,Titus,Scholtz,81412.48,IT,21,8/19/2004
422,Angil,Haswell,41858.83,Sales,10,3/29/2003
423,Rycca,Mattiato,61354.8,HR,0,6/20/2006
424,Jackquelin,Turneaux,45156.57,HR,2,2/1/2000
425,Lavina,Edgehill,71630.02,Marketing,14,9/13/2007
426,Wolfy,Firman,143850.11,Marketing,1,5/19/2003
427,Klarika,Ruselin,148021.26,Sales,27,7/29/2013
428,Mavis,Jouaneton,35083.26,Marketing,12,12/23/2020
429,Andre,Peeke-Vout,123215.91,Finance,0,3/27/2016
430,Heda,Valde,100020.75,IT,24,2/28/2008
431,Karlyn,Schoroder,62861.35,IT,10,12/13/2019
432,Weider,Kubach,88217.25,IT,26,11/8/2013
433,Patrick,McCloud,48077.11,IT,24,1/7/2000
434,Meghan,Turbefield,117576.03,IT,22,6/3/2015
435,Bunnie,MacKilroe,137160.51,HR,28,4/20/2020
436,Dyan,Hotson,61083.18,Sales,22,8/26/2008
437,Bren,Judge,145746.2,HR,21,1/8/2020
438,Andreas,Melpuss,121516.99,IT,10,10/20/2022
439,Nonah,Tabor,131527.55,IT,21,5/22/2001
440,Jarret,Greenrod,90988.56,Finance,21,5/7/2021
441,Mona,Walsom,127816.25,HR,14,8/30/2007
442,Alejoa,Kaine,83085.42,Marketing,6,4/4/2013
443,Durante,Crowder,42818.94,Marketing,7,7/8/2002
444,Boyce,Yankov,89266.45,HR,24,6/25/2000
445,Abbott,Draayer,135222.0,Marketing,3,7/14/2001
446,Ibbie,Robe,46134.18,IT,15,2/19/2021
447,Fancie,MacKall,72176.15,Marketing,16,9/29/2008
448,Gerta,Rubinivitz,60822.38,Sales,22,11/23/2008
449,Gordie,Minnis,73115.44,Sales,19,5/25/2021
450,Karolina,Mogford,127540.42,Marketing,15,2/9/2018
451,Dan,Poltun,92907.28,IT,9,10/19/2000
452,Yard,Zapata,77299.4,Marketing,23,2/10/2017
453,Brandi,Threader,147617.51,Finance,26,1/5/2022
454,Natalee,O' Donohoe,61437.49,Sales,5,11/29/2006
455,Kimbra,Conti,118883.69,Sales,26,9/4/2020
456,Blondie,Fliege,123343.29,Finance,12,7/21/2012
457,Neddie,Siehard,120077.53,Sales,1,2/20/2004
458,Jaclin,Feast,48448.34,IT,14,2/8/2018
459,Milka,McCann,120667.93,Sales,28,12/28/2008
460,Luce,Oneill,125227.55,Sales,4,7/27/2022
461,Elliot,Wilsdon,62541.4,Marketing,23,2/28/2021
462,Agna,Cornwell,52327.41,Marketing,2,7/5/2011
463,Nell,Hovington,37148.04,Finance,13,10/24/2016
464,Waldo,Keith,37304.59,Sales,18,3/19/2013
465,Quentin,Rudolf,77182.57,IT,14,5/18/2007
466,Frances,Baudone,82674.7,IT,24,12/29/2019
467,Ranee,Victory,149599.04,IT,26,3/23/2009
468,Adriena,Carnachen,30721.28,IT,23,11/12/2002
469,Lemar,Dowber,35668.09,IT,30,3/19/2010
470,Ralph,Edger,42905.9,Sales,30,4/1/2003
471,Hetty,Covey,52136.22,Marketing,26,12/11/2019
472,Jeddy,Alloway,77086.56,IT,7,8/29/2018
473,Delcine,de Mullett,76820.71,Finance,21,7/31/2007
474,Meris,Dubbin,41664.87,Marketing,6,4/30/2017
475,Orran,Duddin,36701.37,Sales,18,5/15/2010
476,Fred,Sonier,67950.98,Sales,16,9/25/2006
477,Guthrey,Talby,112896.77,Finance,27,11/27/2021
478,Paulie,Mechell,42563.14,Marketing,7,7/27/2009
479,Tommie,Lawly,90518.97,Marketing,26,3/26/2008
480,Aurore,Benardette,81234.3,Sales,26,5/12/2021
481,Rodrigo,Begwell,74587.84,Marketing,27,9/12/2003
482,Tanner,Lamburne,92753.23,IT,13,3/29/2007
483,Rachael,Pischof,81332.43,IT,23,8/24/2003
484,Talya,Bello,71875.85,Marketing,26,5/7/2001
485,Calypso,Noir,90626.24,IT,1,10/18/2019
486,Joelie,Dwane,32970.43,Marketing,0,8/27/2015
487,Pasquale,O'Lenechan,95306.65,Sales,6,3/17/2022
488,Janina,Wadeling,53186.49,IT,15,12/20/2012
489,Zilvia,Wickersley,107331.56,Marketing,13,5/2/2021
490,Shelba,Dunnet,78335.63,IT,10,3/7/2011
491,Loreen,Goomes,120728.78,IT,20,7/13/2001
492,Sheilakathryn,Gaiford,58471.49,Sales,29,5/14/2011
493,Caryn,Bulstrode,76659.9,HR,18,4/4/2003
494,Doreen,Malyan,95648.82,Finance,2,4/8/2005
495,Karney,Costar,124846.25,Finance,15,4/21/2020
496,Anjela,Harlick,47053.66,HR,29,6/7/2002
497,Bob,Ashness,52603.82,IT,27,8/14/2005
498,Dur,Hibbart,104946.3,Sales,0,8/28/2005
499,Ryan,Spicer,76173.13,Marketing,1,9/27/2014
500,Lamond,Rounsefell,83784.74,IT,9,11/29/2018
501,Michele,Rosettini,89927.29,HR,6,4/26/2002
502,Reynolds,Brahams,86013.6,Finance,18,9/30/2014
503,Tam,Gosenell,45784.68,Finance,16,10/12/2013
504,Yvonne,Mebs,132195.79,Finance,19,5/27/2001
505,Lindsey,Borrell,88966.11,HR,6,11/16/2003
506,Demetri,Rashleigh,74391.9,IT,25,11/28/2001
507,Collete,Alcide,68826.07,HR,8,5/26/2012
508,Adolph,Brittle,107548.06,Marketing,0,5/17/2007
509,Roseanna,Donovin,73270.92,Finance,3,9/26/2002
510,Julianne,Grigorian,87254.04,HR,24,12/16/2009
511,Nina,Vankin,32377.92,HR,21,8/7/2017
512,Barri,Clemencet,125583.27,Marketing,19,9/28/2004
513,Rutger,Vedyasov,43173.36,HR,21,1/30/2010
514,Perice,Angric,108467.71,Sales,14,2/22/2011
515,Lezley,Steutly,86314.48,HR,4,7/4/2007
516,Jammie,Gorcke,108994.52,IT,16,10/8/2001
517,Jordan,Budding,128256.75,IT,24,2/26/2016
518,Lloyd,Battershall,75733.19,HR,20,8/29/2021
519,Adena,Waltering,65260.83,HR,13,5/22/2015
520,Barbara,Peascod,64205.92,IT,12,10/18/2022
521,Efrem,Towers,118109.49,Finance,22,1/31/2001
522,Merla,Jotham,139837.7,Sales,21,11/18/2013
523,Jarred,Sumpner,134370.38,Marketing,15,6/23/2019
524,Belle,Laise,98160.37,IT,19,6/12/2022
525,Glendon,O'Hear,143873.19,Finance,26,10/30/2006
526,Jayne,Bourgaize,84754.31,Finance,12,8/29/2014
527,Dallis,Lathwell,148352.02,Sales,23,11/12/2004
528,Pebrook,Dolden,140101.24,IT,29,6/25/2013
529,Kiah,Scardifeild,132322.26,HR,4,3/17/2014
530,Inger,Houlworth,69355.89,Finance,27,10/20/2016
531,Giff,Ritchley,36996.81,Finance,7,2/19/2004
532,Gregorius,Coburn,131410.17,Finance,20,2/6/2021
533,Hayden,Muttock,145889.1,Finance,17,8/12/2013
534,Anatola,Jeffcock,131264.4,IT,30,8/28/2011
535,Rora,Davidge,97583.78,Finance,11,1/29/2010
536,Tony,Janos,63307.32,IT,18,6/15/2016
537,Boothe,Minthorpe,121763.44,HR,5,8/15/2016
538,Junina,Treven,77378.98,IT,5,6/27/2017
539,Leone,Radki,132554.52,HR,25,12/24/2001
540,Alphard,Ruane,115411.62,IT,29,11/20/2004
541,Mick,Diviney,112838.5,Sales,1,7/3/2013
542,Aaron,Cater,122220.17,Sales,26,6/3/2018
543,Gabby,Edes,62681.58,Sales,24,9/8/2003
544,Bastian,Caplan,104316.51,Marketing,1,2/12/2016
545,Evey,Milnthorpe,131012.96,Sales,6,4/9/2017
546,Stearne,Paal,101522.7,HR,20,12/30/2001
547,Sibelle,Dugue,113561.52,HR,20,4/17/2015
548,Jemimah,Jako,116131.67,HR,30,12/6/2009
549,Becca,Enocksson,117411.96,Sales,6,1/3/2020
550,Robina,Foxhall,44817.75,Finance,0,2/2/2009
551,Uriel,Gobat,73130.41,IT,13,10/29/2001
552,Peria,Viggars,146742.96,Finance,13,10/27/2013
553,Marysa,De Bruijn,118293.63,Marketing,28,1/1/2005
554,Desiri,Petyt,139728.64,HR,25,4/21/2000
555,Karmen,Cottom,40651.55,Finance,10,12/5/2003
556,Vanny,Friel,45566.26,IT,1,1/18/2002
557,Katrinka,Atyea,66693.11,HR,24,6/29/2003
558,Morgen,Scandrick,45497.43,HR,29,12/5/2001
559,Dolley,Renard,73652.9,Marketing,1,2/5/2020
560,Tore,Fairrie,44966.72,HR,27,1/11/2005
561,Carolann,Jerg,135378.75,IT,29,10/25/2017
562,Maisie,Schultze,93549.35,Finance,22,9/5/2007
563,Renato,Poleykett,148263.55,IT,22,8/26/2012
564,Flora,Rawes,142331.08,Sales,27,4/11/2003
565,Siffre,Birtwell,85053.89,IT,6,6/17/2010
566,Mathilda,MacSween,61294.29,Finance,16,11/17/2019
567,Glory,Kidson,135075.47,IT,24,7/13/2006
568,Brant,Bartoszek,58154.37,Marketing,19,2/6/2006
569,Wiley,Davsley,50121.04,Sales,5,12/20/2011
570,Garreth,Wesson,81274.34,Marketing,2,12/19/2018
571,Nevins,Chaplin,55695.53,Sales,16,4/6/2014
572,Bethina,Zywicki,70469.9,HR,26,1/12/2002
573,Cletus,Ebbs,125215.21,IT,21,7/28/2020
574,Wittie,Skerman,137112.77,Marketing,9,10/22/2015
575,Otho,Bisp,47557.99,Marketing,10,8/19/2019
576,Devlen,Canty,54162.22,HR,0,2/21/2021
577,June,Boyda,95853.21,Sales,11,9/4/2001
578,Sampson,Charman,56448.04,IT,9,9/4/2017
579,Tommi,Fallowes,108526.15,Finance,3,6/18/2013
580,Consolata,Kirkwood,104122.75,IT,5,11/2/2020
581,Dinnie,Ingleston,37767.25,Marketing,6,2/22/2001
582,Felic,Malarkey,149266.62,Sales,12,6/3/2010
583,Rosabelle,Trethewey,49278.16,HR,11,2/23/2001
584,Marilyn,Winteringham,39854.98,Sales,23,7/31/2000
585,Adella,Truluck,136491.09,IT,3,6/9/2004
586,Sheena,Hanbridge,61419.99,Sales,18,4/29/2013
587,Barb,Cavell,97465.92,Marketing,15,7/28/2001
588,Enrico,Tofpik,82017.71,IT,26,1/7/2000
589,Darwin,Minter,122888.01,IT,30,11/7/2007
590,Adelaide,Rosenfelt,130621.15,Sales,18,3/12/2022
591,Masha,Drowsfield,62475.82,HR,20,7/31/2016
592,Karly,Adams,57201.13,Marketing,7,12/31/2014
593,Joye,McMurty,78606.1,IT,20,10/2/2005
594,Garrott,Mitro,61233.16,Sales,25,3/5/2006
595,Klarrisa,Bursnoll,95622.71,IT,17,1/24/2011
596,Vite,While,69134.87,Marketing,5,2/23/2005
597,Sergio,Matiewe,101766.07,Finance,23,10/2/2002
598,Port,Frizell,65006.72,Sales,2,4/29/2020
599,Nertie,Castells,109511.43,Marketing,0,3/17/2000
600,Kizzie,Greggs,35456.02,HR,1,10/19/2001
601,Theadora,Bruckman,134247.99,HR,3,7/10/2008
602,Josepha,Simmonds,98131.11,Marketing,25,11/22/2008
603,Bink,Seawell,83559.09,Marketing,13,5/13/2018
604,Dorthy,Mattiessen,145409.52,HR,26,4/11/2010
605,Niall,Andrus,116575.23,Sales,4,11/8/2007
606,Quinton,Antecki,36740.26,Sales,14,8/17/2008
607,Yvon,Ayliff,42225.37,Marketing,27,12/11/2012
608,Sharlene,Tomasoni,130739.4,IT,17,2/25/2007
609,Brenden,Vequaud,110963.26,Sales,18,3/15/2020
610,Berte,Doldon,106886.89,Finance,29,10/2/2015
611,Mallory,Misselbrook,39390.57,HR,12,6/14/2022
612,Ash,Cumbridge,74513.52,Finance,21,9/2/2022
613,Porty,Osbidston,76644.36,Sales,9,8/8/2011
614,Lilith,Farlowe,141721.18,Finance,2,10/9/2009
615,Bobinette,Joney,39937.53,Finance,12,6/20/2016
616,Dora,Cowern,144921.0,Sales,18,6/27/2021
617,Gradeigh,Cammacke,33772.89,Finance,7,2/9/2010
618,Karlyn,Vinden,81742.98,Finance,0,9/27/2002
619,Denis,Bakeup,119599.5,Marketing,3,1/17/2015
620,Cody,Cotta,67660.4,Sales,0,7/1/2000
621,Clovis,Gantlett,74326.56,Finance,18,7/18/2007
622,Lamont,Phaup,39437.87,HR,23,2/6/2005
623,Whitby,Powder,54407.94,HR,0,6/16/2019
624,Gusta,Raynes,51727.98,IT,27,1/16/2018
625,Taddeo,McLugaish,32049.37,IT,11,12/28/2000
626,Frederigo,Bineham,123187.35,Finance,18,4/18/2016
627,Chrissie,Salerno,140376.63,HR,15,2/22/2018
628,Wade,Yorath,147968.67,HR,6,9/14/2000
629,Cherice,Jedras,129879.93,Marketing,1,3/25/2012
630,Phyllys,Prescott,86991.46,Finance,5,1/3/2010
631,Grete,Carlton,46312.53,Marketing,22,7/9/2019
632,Diandra,Levis,120995.79,HR,11,6/2/2011
633,Concettina,Martlew,139575.54,Sales,19,1/6/2015
634,Justinn,Tarr,92302.03,Finance,0,5/29/2011
635,Warren,Demko,86251.91,Marketing,18,5/20/2020
636,Alejandra,Dennis,82205.47,Finance,18,3/5/2020
637,Lorilee,Izhaky,35345.25,Sales,29,3/16/2005
638,Dalli,Greenman,114143.28,HR,10,5/9/2022
639,Karalee,Jime,38430.12,Finance,19,12/15/2008
640,Ewell,Heiton,112311.81,Sales,1,2/27/2002
641,Xenia,Peddowe,113554.95,IT,5,9/24/2017
642,Erhard,Jocic,66804.87,Finance,25,12/23/2013
643,Shelton,Lewzey,109091.96,Finance,26,11/4/2020
644,Herb,Haxley,145596.96,Finance,29,4/18/2003
645,Walker,Temblett,57957.22,Sales,14,6/4/2014
646,Delaney,Poyzer,131787.01,IT,26,9/6/2011
647,Galven,Lattimore,121071.09,Finance,15,2/3/2000
648,Kristofor,Brosh,146098.41,Marketing,14,11/20/2006
649,Joceline,Pudding,37795.85,Sales,21,10/9/2011
650,Dode,Baudasso,47439.99,Sales,27,7/4/2007
651,Merrile,Clarricoates,84349.67,Sales,27,4/27/2008
652,Tallou,Greader,77586.05,Marketing,19,12/22/2008
653,Keir,McCromley,75224.58,HR,24,8/16/2008
654,Jodi,Hubert,36161.2,IT,12,3/17/2008
655,Pammie,Towsie,75817.18,HR,11,5/14/2002
656,Jeanette,Lummasana,44553.19,Sales,22,9/7/2010
657,Hyacinthia,Abson,55933.77,Sales,12,8/22/2012
658,Freddie,Prynne,103568.37,HR,16,4/29/2019
659,Ketty,Luesley,34877.95,Sales,24,1/23/2022
660,Rafaelia,Vile,41789.4,Marketing,20,11/6/2015
661,Danny,Frugier,103662.88,Marketing,16,6/28/2018
662,Claiborn,Duddle,96765.1,Marketing,11,5/4/2006
663,Helli,Dilger,88648.64,IT,22,3/30/2013
664,Jillana,Putt,104703.08,Sales,20,2/1/2012
665,Vanya,Parlet,49354.86,Sales,23,10/5/2001
666,Florance,Hercules,134174.67,Finance,11,5/7/2019
667,Ines,Ponter,88661.71,Finance,12,10/2/2018
668,Veriee,Alliker,40012.32,Finance,1,5/26/2016
669,Talia,Emanulsson,82811.81,HR,8,1/3/2022
670,Dominique,Works,46259.95,Finance,22,8/18/2022
671,Elke,Dolphin,63656.34,Marketing,18,8/22/2000
672,Lane,Laffranconi,119050.86,Sales,27,8/21/2006
673,Dunc,Dionsetti,132309.39,HR,28,8/24/2017
674,Garwin,Whates,129869.64,Finance,26,4/30/2010
675,Conni,Scroxton,143064.01,Marketing,8,10/4/2003
676,Livvie,Godly,47076.55,HR,14,9/19/2011
677,Chelsey,Gartshore,98456.57,IT,8,8/4/2012
678,Judah,Attoc,122875.1,HR,21,3/16/2018
679,Lorna,Gustus,145676.67,Sales,20,2/9/2016
680,Chandler,Tooting,115764.84,Sales,16,8/27/2000
681,Onfre,Arrigo,82635.81,HR,18,7/4/2012
682,Elnore,Camies,80026.26,Marketing,8,10/8/2014
683,Sullivan,Wagen,105577.41,HR,22,5/8/2015
684,Garey,Cochern,104741.82,HR,23,3/24/2016
685,Wilbur,Jockle,125574.82,Sales,23,2/10/2006
686,Solly,Reynard,105404.53,Marketing,30,8/24/2016
687,Iain,Petera,41393.32,Sales,24,5/25/2018
688,Petronia,Deniseau,140081.41,Sales,11,10/10/2016
689,Lancelot,Tubbles,123356.65,Finance,3,9/22/2018
690,Alexandros,Tiffin,72079.13,Finance,16,12/1/2022
691,Addy,Dallin,126833.77,IT,1,7/30/2005
692,Ebba,Gehrtz,32627.5,IT,28,5/25/2009
693,Brear,Fletcher,38001.39,Sales,14,12/11/2016
694,Herminia,Warrior,91830.3,HR,9,7/11/2021
695,Gillie,Wankel,67477.5,Finance,24,1/10/2004
696,Richy,Willes,127585.03,Finance,7,2/25/2009
697,Ruperta,Garrit,105440.05,Marketing,15,5/1/2012
698,Kassey,Lopes,99102.51,Marketing,4,3/7/2021
699,Juana,McQuillan,132637.56,Sales,29,10/12/2000
700,Hadrian,Brightey,86602.67,IT,7,8/29/2019
701,Olivia,Lahiff,71282.32,Sales,15,3/22/2004
702,Mickey,Bahia,107874.61,IT,4,5/22/2006
703,Sidonnie,Mournian,135698.24,Marketing,25,5/4/2007
704,Wolfgang,Pereira,137523.21,Sales,9,8/19/2018
705,Maybelle,Kembley,125655.57,IT,13,3/24/2022
706,Kamillah,Hoffner,45525.24,Marketing,9,3/8/2011
707,Colleen,Yuryaev,149469.68,Finance,26,10/25/2008
708,Winni,Myrkus,83317.76,Sales,28,7/10/2017
709,Odie,Goullee,116438.02,Marketing,5,5/11/2012
710,Nariko,Stennes,49248.47,IT,12,9/14/2021
711,Darrell,Okroy,105330.55,Finance,30,4/19/2012
712,Cinda,Vowden,124098.26,HR,18,10/31/2006
713,Colene,Stampe,57242.99,HR,5,5/2/2012
714,Melvyn,Toms,109906.91,Marketing,1,3/6/2008
715,Rhody,Casacchia,45710.95,HR,27,4/6/2012
716,James,Suttling,130866.03,Finance,15,12/28/2011
717,Lee,Boak,137651.45,Sales,27,5/7/2018
718,Willy,Bolsteridge,49926.95,Finance,5,10/16/2010
719,Yehudi,Thackston,89181.12,HR,8,1/20/2009
720,Myrta,Cockayne,132702.2,Finance,0,8/12/2022
721,Adlai,Illem,80172.67,Finance,29,7/16/2022
722,Shaylyn,Garmston,123189.56,Finance,18,1/30/2004
723,Paulina,Salman,148752.24,IT,7,7/18/2007
724,Bessie,Kures,35002.5,Sales,8,4/21/2010
725,Annice,Desquesnes,92027.31,Sales,1,11/15/2012
726,Stacee,Rapinett,87081.41,Sales,26,12/17/2009
727,Aeriell,Aliman,45784.31,IT,29,7/31/2006
728,Berny,Matieu,49702.21,HR,10,7/29/2010
729,Corena,Quadrio,44829.73,IT,26,5/10/2011
730,Fanny,Brinkworth,64386.02,Sales,16,5/24/2011
731,Andi,Matz,105211.64,Finance,15,5/18/2001
732,Carlynn,Borland,94606.8,HR,11,11/6/2016
733,Wendie,Noye,79464.22,Finance,13,6/13/2009
734,Kimberlyn,Axten,32526.33,IT,6,6/14/2004
735,Kendal,Hartington,117084.11,IT,27,5/30/2016
736,Patrick,Jahndel,133782.48,IT,10,7/28/2020
737,Kathrine,Darch,87974.08,IT,26,3/22/2004
738,Jules,Vannah,101877.14,Sales,19,6/13/2011
739,Katha,Scholefield,134411.81,Finance,29,7/7/2007
740,Mead,Northidge,47523.17,Sales,23,9/7/2002
741,Prinz,Serman,78177.11,Marketing,10,6/13/2010
742,Zoe,Abella,85606.12,HR,11,3/7/2008
743,Shirlee,Edgcumbe,106739.17,IT,24,8/22/2016
744,Bili,Boyall,110062.95,Finance,30,9/18/2010
745,Janet,Tudge,36142.51,Sales,17,9/23/2005
746,Nisse,Cordingley,52752.65,Sales,12,1/2/2006
747,Cobby,Backen,75307.55,HR,6,11/9/2000
748,Malissa,McPolin,145653.37,Finance,14,10/19/2012
749,Filmore,Tellwright,35121.59,IT,14,12/2/2011
750,Elke,Jurn,71066.83,Sales,15,1/6/2000
751,Eric,Huett,49297.15,IT,28,8/8/2010
752,Kenyon,Saterthwait,124119.44,Finance,0,9/26/2009
753,Aguistin,McKevany,103990.6,Marketing,28,11/14/2001
754,Aaren,Bigglestone,111681.11,Marketing,5,10/30/2008
755,Maggi,Hutton,66768.58,HR,4,1/15/2001
756,Taddeusz,Yendall,45821.04,Finance,0,9/13/2019
757,Alysia,Wilde,68970.28,Sales,0,2/10/2001
758,Darell,Blaney,102070.89,Marketing,27,3/16/2020
759,Darrell,Busch,144834.65,IT,22,2/10/2010
760,Clarence,Showell,43002.03,Finance,1,4/9/2015
761,Rosalind,Leehane,87491.81,IT,8,2/2/2008
762,Penni,Flooks,43359.04,HR,24,4/4/2021
763,Maison,Flann,128708.83,IT,3,9/24/2021
764,Jacqui,Horbath,42242.84,IT,22,3/19/2020
765,Batholomew,Yitzovicz,143241.02,Marketing,17,5/21/2009
766,Wanids,Durn,86239.44,Sales,6,7/10/2010
767,Valery,Lehrmann,74408.94,HR,22,1/2/2022
768,Elvis,Gerish,30231.71,Sales,14,10/20/2006
769,Katey,Tschierasche,30815.56,HR,14,10/23/2015
770,Ernestus,Ord,92582.14,HR,2,1/15/2017
771,Cecilio,Caisley,141902.03,HR,29,9/21/2010
772,Rouvin,Coils,47174.73,Sales,10,6/16/2005
773,Mildrid,Pardue,118729.07,Sales,25,9/11/2000
774,Olivero,McQuillen,76971.04,Marketing,5,5/5/2010
775,Mia,Leppo,50181.39,Sales,30,2/27/2015
776,Jami,Gookey,64232.02,Finance,23,9/28/2011
777,Debor,Blakeley,52328.27,HR,25,12/26/2011
778,Gaelan,Jurs,134838.76,Sales,7,9/3/2007
779,My,Losebie,91435.36,IT,23,1/30/2000
780,Benita,Clemson,50073.68,Marketing,7,5/6/2013
781,Gwenny,MacMenamin,65879.75,Finance,29,7/11/2022
782,Niki,Smalls,31537.8,Sales,24,10/15/2004
783,Sollie,Stachini,119344.9,Marketing,15,9/16/2020
784,Johnny,MacKissack,149086.91,Finance,14,3/3/2021
785,Millard,Bullock,102162.44,Marketing,7,2/14/2001
786,Husein,Ginn,53309.04,Sales,16,7/8/2013
787,Neill,Trassler,110591.59,Finance,3,3/16/2020
788,Ferd,Conisbee,40423.56,Finance,4,11/18/2016
789,Greg,Vallery,95775.79,HR,20,12/25/2012
790,Jarvis,Vlasyuk,119259.68,Marketing,9,11/16/2016
791,Caryn,Le Grice,83726.19,Marketing,13,10/27/2005
792,Daisey,Waterhowse,53799.17,Sales,14,4/10/2006
793,Lindie,Deaves,137076.45,HR,6,3/9/2022
794,Robbie,McKeller,31451.52,Sales,0,10/29/2006
795,Syd,Newby,38792.21,IT,10,4/12/2022
796,Iain,Harrad,109559.69,HR,20,2/28/2020
797,Hana,Spiniello,87124.32,Sales,29,9/20/2006
798,Lyman,MacKerley,108769.13,Sales,1,8/23/2005
799,Clyde,Shovel,83160.27,IT,25,12/2/2015
800,Tybi,Foro,123511.8,HR,19,5/9/2002
801,Nikoletta,Fegan,37006.48,Finance,8,8/20/2006
802,Leila,Drage,77156.5,Sales,23,5/1/2018
803,Malorie,Batalini,93028.37,Marketing,5,9/17/2004
804,Noni,Birk,96738.27,IT,16,10/13/2017
805,Perceval,Leander,63337.91,Finance,26,8/28/2002
806,Zara,Noirel,75463.76,Finance,3,7/27/2015
807,Conny,Ronald,118355.5,HR,9,9/8/2016
808,Wolfie,Ferriere,55693.0,Sales,19,10/13/2006
809,Alexa,Dahmke,130522.15,IT,8,12/10/2021
810,Iver,Trevan,87524.35,Marketing,7,9/10/2007
811,Vince,Paddon,138166.88,Marketing,1,2/19/2022
812,Allyson,Wilkerson,95201.88,Finance,8,6/19/2005
813,Maxwell,Peat,147871.1,IT,20,7/20/2020
814,Willy,Empson,123180.36,IT,16,2/19/2017
815,Desirae,Botly,73803.5,HR,26,6/22/2008
816,Augie,Wayt,131841.12,Sales,10,9/4/2002
817,Torrence,Bendixen,43063.71,Marketing,3,11/23/2006
818,Ingeberg,MacNeill,71469.17,Marketing,18,6/26/2002
819,Mark,Kardos-Stowe,37787.1,IT,22,1/22/2015
820,Gloriane,Celle,132203.96,Sales,18,11/21/2015
821,Willey,Prando,110646.1,Sales,16,11/15/2016
822,Carmelita,Daton,147745.31,Sales,14,6/29/2020
823,Kev,Cattrell,78624.78,Finance,3,2/24/2018
824,Jeanette,Gurrado,55524.59,Finance,23,7/17/2011
825,Ame,Pryer,105188.92,IT,23,4/16/2016
826,Nahum,Pacher,45598.9,Marketing,17,9/19/2002
827,Edgar,Buntain,115934.97,HR,7,8/14/2017
828,Helge,Sowman,53438.54,Marketing,20,12/21/2004
829,Rolph,Nabbs,60467.08,Sales,29,8/6/2016
830,Claude,Cadman,74642.75,IT,16,12/5/2002
831,Kerrin,Hedditch,92896.73,Marketing,4,9/10/2022
832,Gram,Romer,44356.22,HR,27,4/29/2016
833,Jessamine,Lemarie,115599.43,IT,15,9/3/2006
834,Catha,Fulloway,74079.91,Sales,22,8/10/2016
835,Hector,Dumingo,98293.43,Marketing,27,3/29/2019
836,Alane,Butterwick,140954.44,IT,14,7/16/2019
837,Sindee,Matis,105842.61,IT,17,9/10/2001
838,Ingaberg,Simmank,144649.27,Finance,26,10/21/2003
839,Philipa,Espinas,95234.87,Finance,27,9/14/2022
840,Mercie,Stoter,78842.46,IT,9,12/11/2007
841,Reyna,Pavlenkov,117774.18,Marketing,17,2/3/2003
842,Sancho,Woollard,130113.24,Marketing,10,5/20/2022
843,Doralynn,Hamm,107987.69,Marketing,24,11/9/2019
844,Anselma,Odney,54537.6,IT,25,10/22/2012
845,Ravid,Beazer,104637.3,HR,26,10/15/2022
846,Emylee,Hysom,105695.34,HR,21,6/13/2004
847,Scot,Origin,138343.22,Sales,9,2/1/2010
848,Jayme,De Carolis,64566.83,IT,24,6/26/2021
849,Aldwin,Stansall,76484.36,HR,24,1/15/2004
850,Silvano,Kobiera,37737.46,Marketing,21,3/28/2021
851,Abra,Lavall,97324.76,Marketing,19,6/22/2011
852,Berry,Springtorpe,70576.06,IT,18,6/24/2005
853,Elga,Marchington,79028.3,Sales,6,5/24/2009
854,Dory,Worman,80808.4,Marketing,1,8/9/2005
855,Vivianna,Laurenson,41850.78,Finance,29,9/22/2000
856,Modesta,Rasell,32233.63,IT,27,1/31/2007
857,Traver,Alberti,117529.93,Marketing,22,4/13/2008
858,Harley,Aleso,56209.71,Marketing,29,11/9/2001
859,Roma,Woodroof,122448.6,Marketing,0,1/28/2022
860,Marcellus,Ravilious,107020.9,Marketing,5,12/20/2002
861,Morrie,Dikes,127961.51,Sales,30,11/19/2008
862,Forbes,Mothersole,70712.02,Marketing,15,3/2/2007
863,Krishnah,Raycroft,123258.94,Finance,22,5/6/2014
864,Vivienne,Wadie,52243.3,Sales,24,2/19/2013
865,Craig,Headley,104154.68,IT,4,6/23/2010
866,Maire,Elsom,83275.7,Marketing,8,9/8/2016
867,Ariadne,Hepher,79187.56,HR,23,2/19/2012
868,Vikki,Bessell,120465.58,Finance,16,7/17/2015
869,Dunstan,Kaszper,83394.36,Marketing,3,7/11/2017
870,Marv,Tolmie,83197.37,IT,14,10/17/2012
871,Jordan,Aldren,114730.44,Sales,8,12/24/2011
872,Else,Shevill,65524.24,IT,10,3/1/2020
873,Bordy,Biasio,44453.17,Marketing,6,9/21/2002
874,Merv,Ivanyushin,93209.71,HR,27,7/19/2015
875,Mehetabel,Brychan,101240.89,HR,16,4/28/2021
876,Rhona,Selesnick,142676.46,Sales,0,9/15/2021
877,Daphne,Minett,122917.0,HR,30,5/8/2007
878,Minne,Sobieski,105046.41,Sales,24,8/12/2016
879,Hubert,Goodricke,100817.64,HR,5,10/14/2007
880,Francene,Keling,144529.34,Marketing,1,5/21/2002
881,Zena,Armiger,118899.93,IT,20,1/29/2020
882,Quinta,Scholig,88219.43,HR,4,12/28/2008
883,Danell,Yoell,101244.55,IT,29,4/16/2002
884,Blake,Alekseev,144888.69,Sales,6,9/3/2007
885,Johna,Hamblen,118607.5,Marketing,21,5/22/2022
886,Lark,Darkott,100512.33,IT,30,7/7/2001
887,Bernette,Kitchaside,113278.17,Marketing,11,11/16/2006
888,Saloma,Demead,35958.46,IT,30,12/18/2018
889,Wittie,Tocher,35544.2,Finance,14,3/8/2016
890,Francisca,Faier,47341.46,Finance,30,5/3/2013
891,Linnell,Incogna,69965.44,Sales,22,1/6/2012
892,Hallsy,Tabourin,137649.28,Finance,8,4/13/2005
893,Tedmund,Cheng,45305.3,Sales,30,7/13/2011
894,Marcelia,Faltin,56293.06,HR,22,5/3/2009
895,Hyacinth,Lankester,97656.78,Sales,26,7/29/2021
896,Stavro,Noe,75349.31,Marketing,10,11/24/2007
897,Gianni,Wonham,114847.86,HR,23,4/1/2002
898,Roger,Boow,64337.31,Sales,27,6/25/2022
899,Tabby,Roskam,60342.9,HR,16,1/18/2019
900,Tedmund,Whiteley,93967.78,Finance,13,11/9/2013
901,Cliff,Basey,109288.73,HR,4,3/25/2005
902,Domenic,Haburne,104629.44,IT,15,8/7/2000
903,Carlee,Kane,111328.93,IT,8,11/25/2011
904,Kamila,Lamden,95882.73,Finance,25,8/11/2010
905,Fawn,Gettens,34942.06,Finance,4,12/21/2014
906,Cesaro,Hartburn,62651.78,Finance,30,1/12/2012
907,Cass,Bartozzi,88875.41,IT,23,6/5/2010
908,Glenn,Antoniutti,102900.47,HR,19,5/2/2007
909,Sandro,Chantree,110135.2,Sales,2,12/27/2020
910,Anatole,Neljes,118530.83,HR,25,6/6/2010
911,Alyss,Moorhouse,90767.1,Sales,23,7/31/2000
912,Bobinette,Karpets,36214.05,IT,1,6/1/2021
913,Guinevere,Legon,31188.16,Finance,23,7/25/2003
914,Petronille,Howitt,132146.9,IT,14,1/31/2017
915,Nealson,Timcke,99572.35,IT,9,11/28/2017
916,Leroy,Grayling,128065.29,HR,2,3/30/2001
917,Rourke,Roderighi,128290.92,Finance,1,2/12/2003
918,Bella,Cisco,79871.74,Finance,20,7/24/2021
919,Kanya,Geyton,101639.91,Finance,26,10/4/2003
920,Hermy,Moizer,105968.81,Marketing,1,7/10/2012
921,Jocelyne,Ambrosini,67963.03,HR,3,12/5/2020
922,Jourdan,Pavier,69504.44,HR,2,1/17/2015
923,Avictor,Parysowna,101005.27,HR,6,11/22/2017
924,Estell,Healy,122104.42,IT,25,1/14/2021
925,Ebba,Scarsbrook,62149.18,Finance,6,2/1/2012
926,Shelby,Machen,46272.62,Sales,23,5/22/2017
927,Timoteo,Furneaux,82960.99,IT,21,5/8/2010
928,Millard,Aronstam,66327.57,HR,30,5/2/2011
929,Rodrigo,Licciardi,92276.8,IT,21,2/19/2019
930,Myrta,Driver,68728.06,Sales,18,8/3/2013
931,Essa,Ching,89044.18,HR,16,1/8/2007
932,Penrod,Duxfield,106156.08,Finance,13,5/22/2015
933,Pren,Jaram,75306.57,Finance,2,4/19/2013
934,Renado,Allworthy,61061.87,HR,30,10/7/2019
935,Gherardo,Brosch,48868.83,IT,30,4/3/2012
936,Ted,Overal,114553.92,Marketing,27,4/3/2020
937,Allan,Ryam,117314.29,Finance,14,10/31/2002
938,Woodman,Cabrales,86234.35,IT,25,7/8/2020
939,Augustin,Mitskevich,84386.21,IT,4,1/18/2011
940,Anette,Issatt,77242.93,HR,0,5/15/2001
941,Wilhelmine,Gollard,136291.53,HR,21,5/22/2009
942,Urson,Tarver,74606.63,Sales,10,5/8/2003
943,Tera,Vader,145534.24,Marketing,7,2/1/2018
944,Latrina,Bamell,84972.08,Marketing,21,5/7/2002
945,Prue,Gatecliffe,30931.42,Finance,17,11/2/2019
946,Izak,Oliver,49961.28,HR,19,11/6/2014
947,Kean,Bramont,80202.65,HR,27,3/14/2015
948,Farrell,O'Canavan,42417.97,Finance,16,9/6/2022
949,Aida,Werlock,133705.51,Sales,23,9/30/2018
950,Dasya,Cromack,107008.42,HR,23,4/1/2013
951,Anallese,Keningham,38794.77,Finance,29,9/28/2013
952,Bathsheba,Di Franceshci,108732.58,IT,8,11/20/2022
953,Kaja,Durtnall,131112.81,Finance,10,7/1/2003
954,Rosanne,Colecrough,148451.4,IT,10,3/15/2021
955,Darnall,Serjent,105890.71,Finance,17,9/16/2006
956,Locke,Brislane,146711.35,HR,12,3/4/2011
957,Patricia,Slaymaker,50937.85,Finance,28,2/17/2010
958,Lyndsey,Kensley,77953.98,Finance,28,2/1/2000
959,Nikolaos,Menichillo,43180.54,IT,0,10/17/2006
960,Suellen,Congram,97093.42,IT,23,12/12/2017
961,Michel,Scneider,64504.06,Sales,18,12/14/2015
962,Larry,Mattke,75517.83,Sales,26,5/25/2019
963,Angie,Lindegard,95310.85,IT,7,5/26/2005
964,Kynthia,Rotherham,32996.63,Marketing,29,11/25/2005
965,Winfred,Houdmont,107109.02,Marketing,13,7/16/2004
966,Eleanore,Fawcitt,123954.47,Marketing,4,7/22/2002
967,Edik,Detoile,99286.74,IT,19,2/27/2003
968,Sean,Ayscough,113916.76,HR,26,3/30/2000
969,Rogerio,McCarrison,51419.56,Marketing,7,9/28/2008
970,Andrey,Janicijevic,133210.8,Finance,19,6/22/2008
971,Almira,Sancias,103546.82,Finance,18,3/24/2000
972,Cyndi,Seleway,97101.94,Finance,16,12/10/2005
973,Shelden,Gopsill,34862.45,Marketing,20,1/28/2021
974,Emelina,Rennison,81354.97,Sales,24,8/1/2005
975,Valentine,Hornbuckle,116892.65,Finance,7,10/31/2014
976,Hynda,Jerke,73558.98,Sales,21,5/13/2016
977,Arlen,Conybear,111510.55,Finance,18,9/14/2020
978,Caesar,Tomasoni,68363.52,Finance,23,10/11/2016
979,Tore,Climer,88740.28,IT,20,9/9/2009
980,Evelyn,Kilfeather,108186.84,IT,20,1/22/2007
981,Luciana,Dent,94118.47,Sales,22,10/28/2017
982,Idalia,Seaborne,41270.0,Finance,27,9/26/2011
983,Giustina,Crosier,124558.5,Marketing,6,6/1/2002
984,Cecil,Charlet,126187.26,Finance,15,8/19/2012
985,Simona,Covotti,109562.61,Marketing,25,6/1/2007
986,Bertine,Kearle,76760.28,IT,12,4/12/2007
987,Robinet,enzley,65413.26,Finance,17,9/17/2002
988,Corny,Gillmor,140131.82,Marketing,24,11/28/2004
989,Silva,Cleminshaw,84465.78,HR,21,5/19/2015
990,Hebert,Mattessen,128553.01,Sales,0,1/9/2012
991,Mechelle,Hugonneau,123206.05,Finance,27,9/29/2005
992,Terry,Thieme,84013.36,HR,3,3/25/2001
993,Andy,Hesse,38139.14,HR,19,5/24/2011
994,Cathryn,Luquet,109944.76,Marketing,12,7/1/2013
995,Nathalie,Phebey,34053.99,Sales,30,7/2/2015
996,Farlay,Gard,149157.47,HR,23,9/7/2012
997,Wilfred,Giffen,59679.35,Finance,30,1/1/2021
998,Rhiamon,Insworth,96092.76,HR,2,10/21/2005
999,Lennard,Tredwell,53203.86,Marketing,8,7/25/2003
1000,Steve,Ales,131128.41,HR,6,8/6/2022
